,LCOE,CF,IX,MW
1,65.6307392327853,0.25,333709.45,112896.14
2,73.17452333704594,0.23,913726.81,1673704.3
3,79.59349633415633,0.29,3171725.12,1781.86
