,LCOE,CF,IX,MW
1,71.44218656747496,0.26,5835.33,5005226.88
2,74.50914647722357,0.24,6420.84,3970122.55
3,77.18614673382415,0.25,5982.26,5239466.42
