LCOE,CF,IX,MW
75.10103717814894,0.24,6016.35,10887310.73
77.59373640870983,0.24,5041.76,5358304.3
79.28063030070506,0.23,5815.85,5334905.02
