,LCOE,CF,IX,MW
1,59.33492634283043,0.23,457394.25,8445970.94
2,78.63938188794499,0.31,1486248.32,558966.24
3,83.45338424955645,0.22,448520.81,12874606.78
