,LCOE,CF,IX,MW
1,58.38348962040524,0.23,3948.86,5772373.85
2,76.87352504520886,0.24,4336.76,3314853.29
3,80.73120695936703,0.31,5696.52,3721.03
