LCOE,CF,IX,MW
58.23264310053434,0.23,3906.22,5710293.72
76.72038451719054,0.24,4401.73,3376933.42
80.57645966824805,0.31,5696.52,3721.03
