LCOE,CF,IX,MW
59.192774941777074,0.24,419300.24,36452716.56
75.668759904604,0.22,450068.94,31544529.62
81.3004993665449,0.31,1497138.63,556964.14
