LCOE,CF,IX,MW
71.25093743136627,0.25,6236.48,5600861.93
74.41887014689273,0.26,5932.44,5149957.97
77.09752850564725,0.24,5935.64,3463995.96
