,LCOE,CF,IX,MW
1,72.03937845235153,0.23,23080.86,977722.27
2,78.84492556254442,0.25,6249.2,109829.23
3,81.01970437152804,0.23,3805.72,700830.79
