,LCOE,CF,IX,MW
1,75.33432699323482,0.24,4883.24,5462508.1
2,77.85120002055481,0.24,5767.36,10604914.7
3,79.52631731531423,0.23,6476.76,5513097.24
