,LCOE,CF,IX,MW
1,75.12878273872475,0.23,433845.83,5428705.82
2,77.61494039260626,0.24,422804.62,10793907.36
3,79.29384470585087,0.24,374285.37,5357906.86
