,LCOE,CF,IX,MW
1,58.57060942145061,0.24,312638.7,3376933.42
2,76.74402785921181,0.23,331120.72,5710293.72
3,80.59784228429878,0.31,603120.09,3721.03
