LCOE,CF,IX,MW
58.519379726906735,0.23,445307.16,32551647.55
75.53716836615314,0.24,422758.47,35446906.87
81.15517328403368,0.31,1502254.74,555655.9
