,LCOE,CF,IX,MW
1,59.62248788114896,0.22,6399.45,12851793.72
2,78.91814566660831,0.31,26284.95,560377.15
3,83.72694364144235,0.23,6453.38,8467373.09
