LCOE,CF,IX,MW
58.84484047802793,0.23,6616.65,8421746.98
78.5863297812264,0.31,26284.91,560445.05
83.40666095564217,0.22,6292.93,12897351.94
