,LCOE,CF,IX,MW
1,71.28964100467431,0.26,447359.98,5183051.47
2,74.46547912586495,0.25,485346.68,5584232.38
3,77.13942918008078,0.24,398120.44,3447532.01
