LCOE,CF,IX,MW
63.18468202359338,0.23,15062.38,1673424.43
73.01017772398534,0.25,5299.03,112881.24
79.3968314448545,0.29,55985.54,2076.62
