,LCOE,CF,IX,MW
1,56.17306012834469,0.4,447675.81,805278.44
2,68.94752100241352,0.26,383024.16,237058.26
3,88.53384828549385,0.33,470870.82,803546.47
