,LCOE,CF,IX,MW
1,64.0280305066067,0.22,13424.46,769190.68
2,82.69462134528314,0.36,8556.56,833746.32
3,101.94475768463774,0.27,5397.78,1509643.96
