,LCOE,CF,IX,MW
1,64.08855917746908,0.36,553843.35,842605.92
2,82.94180199938862,0.22,827361.04,739391.17
3,102.95672769068557,0.27,400628.7,1530583.87
