,LCOE,CF,IX,MW
1,72.1739695959015,0.31,14591.23,145825.08
2,101.16692537355766,0.09,32541.51,65241.22
3,258.41093320918594,0.22,5755.67,70524.9
