LCOE,CF,IX,MW
65.72100146522433,0.35,465456.22,5108086.01
93.02529670289692,0.25,455970.39,3996221.11
260.8814119678209,0.09,1863998.3,65241.22
