LCOE,CF,IX,MW
63.67920026182303,0.36,8615.87,822916.08
82.26955732904666,0.23,13124.08,794908.36
101.03199696897973,0.27,5409.65,1494756.52
