,LCOE,CF,IX,MW
1,59.83828789135471,0.3,5404.99,1116307.32
2,76.11620928579336,0.38,6604.35,1061838.17
3,95.29122442712088,0.24,4687.36,567683.42
