LCOE,CF,IX,MW
71.58855016017961,0.22,5745.23,70690.5
100.86949894366742,0.09,32541.51,65241.22
254.01069137440442,0.31,14606.34,145659.48
