,LCOE,CF,IX,MW
1,72.4768678473549,0.22,430857.76,70614.32
2,101.03528426869354,0.09,1863998.3,65241.22
3,260.881411967821,0.31,883113.29,145735.66
