,LCOE,CF,IX,MW
1,67.41735800799313,0.26,4229.91,552848.15
2,87.55683539462599,0.22,3729.08,413986.75
3,103.29929323206893,0.34,4726.04,216829.19
