,LCOE,CF,IX,MW
1,67.54237462050483,0.26,339829.19,564956.82
2,87.84251661689572,0.34,326002.57,219525.16
3,103.60812058901662,0.22,306882.71,399182.11
