,LCOE,CF,IX,MW
1,59.56988384442239,0.38,452676.95,1034765.88
2,75.73408789249565,0.24,387430.37,581746.18
3,95.02884975422408,0.3,389160.36,1129316.86
