,LCOE,CF,IX,MW
1,56.31919597984151,0.33,6225.61,798164.47
2,69.19091898979998,0.26,5602.1,231394.74
3,88.8926943876942,0.4,6014.19,816323.96
