LCOE,CF,IX,MW
67.4301099310343,0.22,3723.19,399231.79
87.69114184489892,0.34,4732.39,219591.4
103.45587956352631,0.26,4216.1,564840.9
