LCOE,CF,IX,MIN_MW,MAX_MW,AVG_MW
57.32027419084143,0.4,498744.94,31.05,82.8,81.38
70.48485796066699,0.32,449738.15,3.31,82.8,80.65
84.33714760035056,0.27,380043.16,3.31,82.8,80.77
101.32596219177779,0.22,562349.61,3.31,82.8,70.41
254.01069137440425,0.09,1863998.3,3.31,82.8,72.9
