LCOE,CF,IX,MW
56.09332136075637,0.33,6198.71,801178.39
68.90216590163021,0.26,5585.46,232007.46
88.59068988720963,0.4,6044.99,812697.32
