LCOE,CF,IX,MW
59.65829132485064,0.38,6617.64,1063941.29
75.8660876518801,0.24,4668.22,572919.7
94.96866140264993,0.3,5403.25,1108967.93
