LCOE,CF,IX,MW
65.1137381568493,0.25,453221.06,4122840.32
92.0513667294341,0.35,467972.77,4981466.8
254.01069137440425,0.09,1863998.3,65241.22
